{
    "boardName": "BW1098OBC",
    "boardRev": "R0M0E0",
    "cameraData": [
        [
            2,
            {
                "cameraType": 0,
                "distortionCoeff": [
                    -6.159741401672363,
                    21.314037322998047,
                    0.0017903847619891167,
                    -0.0007351187523454428,
                    -24.376977920532227,
                    -6.201807022094727,
                    21.48481559753418,
                    -24.54876708984375,
                    0.0,
                    0.0,
                    0.0,
                    0.0,
                    0.0,
                    0.0
                ],
                "extrinsics": {
                    "rotationMatrix": [
                        [
                            0.9999804496765137,
                            0.0005528430920094252,
                            -0.006227480713278055
                        ],
                        [
                            -0.0005807586130686104,
                            0.9999898076057434,
                            -0.004481718875467777
                        ],
                        [
                            0.0062249391339719296,
                            0.004485247656702995,
                            0.999970555305481
                        ]
                    ],
                    "specTranslation": {
                        "x": 3.750000238418579,
                        "y": 0.0,
                        "z": 0.0
                    },
                    "toCameraSocket": 0,
                    "translation": {
                        "x": 3.7536420822143555,
                        "y": -0.004482991993427277,
                        "z": -0.04853246361017227
                    }
                },
                "height": 800,
                "intrinsicMatrix": [
                    [
                        852.5443725585938,
                        0.0,
                        627.966552734375
                    ],
                    [
                        0.0,
                        852.868408203125,
                        401.1529235839844
                    ],
                    [
                        0.0,
                        0.0,
                        1.0
                    ]
                ],
                "lensPosition": 0,
                "specHfovDeg": 71.86000061035156,
                "width": 1280
            }
        ],
        [
            1,
            {
                "cameraType": 0,
                "distortionCoeff": [
                    -5.4138994216918945,
                    22.906280517578125,
                    0.0016614515334367752,
                    -0.0008383009699173272,
                    -26.36689567565918,
                    -5.473080158233643,
                    23.054433822631836,
                    -26.46987533569336,
                    0.0,
                    0.0,
                    0.0,
                    0.0,
                    0.0,
                    0.0
                ],
                "extrinsics": {
                    "rotationMatrix": [
                        [
                            0.9998995661735535,
                            0.010640229098498821,
                            0.009359795600175858
                        ],
                        [
                            -0.01065331231802702,
                            0.9999423623085022,
                            0.001349107245914638
                        ],
                        [
                            -0.009344901889562607,
                            -0.0014486846048384905,
                            0.9999552965164185
                        ]
                    ],
                    "specTranslation": {
                        "x": -7.500000476837158,
                        "y": 0.0,
                        "z": 0.0
                    },
                    "toCameraSocket": 2,
                    "translation": {
                        "x": -7.480697154998779,
                        "y": 0.024563221260905266,
                        "z": 0.0071676913648843765
                    }
                },
                "height": 800,
                "intrinsicMatrix": [
                    [
                        859.9033813476563,
                        0.0,
                        634.8103637695313
                    ],
                    [
                        0.0,
                        860.5317993164063,
                        408.25115966796875
                    ],
                    [
                        0.0,
                        0.0,
                        1.0
                    ]
                ],
                "lensPosition": 0,
                "specHfovDeg": 71.86000061035156,
                "width": 1280
            }
        ],
        [
            0,
            {
                "cameraType": 0,
                "distortionCoeff": [
                    -0.8951882123947144,
                    12.574353218078613,
                    0.001075003412552178,
                    -0.0011827367125079036,
                    89.20144653320313,
                    -1.2001844644546509,
                    14.384360313415527,
                    85.10987091064453,
                    0.0,
                    0.0,
                    0.0,
                    0.0,
                    0.0,
                    0.0
                ],
                "extrinsics": {
                    "rotationMatrix": [],
                    "specTranslation": {
                        "x": 0.0,
                        "y": 0.0,
                        "z": 0.0
                    },
                    "toCameraSocket": -1,
                    "translation": {
                        "x": 0.0,
                        "y": 0.0,
                        "z": 0.0
                    }
                },
                "height": 1080,
                "intrinsicMatrix": [
                    [
                        1485.26025390625,
                        0.0,
                        958.0755615234375
                    ],
                    [
                        0.0,
                        1483.3809814453125,
                        535.5147705078125
                    ],
                    [
                        0.0,
                        0.0,
                        1.0
                    ]
                ],
                "lensPosition": 135,
                "specHfovDeg": 68.7938003540039,
                "width": 1920
            }
        ]
    ],
    "imuExtrinsics": {
        "rotationMatrix": [],
        "specTranslation": {
            "x": 0.0,
            "y": 0.0,
            "z": 0.0
        },
        "toCameraSocket": -1,
        "translation": {
            "x": 0.0,
            "y": 0.0,
            "z": 0.0
        }
    },
    "miscellaneousData": [],
    "stereoRectificationData": {
        "leftCameraSocket": 1,
        "rectifiedRotationLeft": [
            [
                0.9999376535415649,
                0.007358216214925051,
                0.008397202007472515
            ],
            [
                -0.007364131044596434,
                0.9999726414680481,
                0.0006736876093782485
            ],
            [
                -0.008392014540731907,
                -0.0007354837143793702,
                0.9999645352363586
            ]
        ],