{
    "boardName": "BW1098OBC",
    "boardRev": "R0M0E0",
    "cameraData": [
        [
            2,
            {
                "cameraType": 0,
                "distortionCoeff": [
                    -6.040760517120361,
                    21.38892364501953,
                    0.00023689554654993117,
                    -0.0004420496989041567,
                    -24.17878532409668,
                    -6.085866451263428,
                    21.545896530151367,
                    -24.31732177734375,
                    0.0,
                    0.0,
                    0.0,
                    0.0,
                    0.0,
                    0.0
                ],
                "extrinsics": {
                    "rotationMatrix": [
                        [
                            0.9999056458473206,
                            0.013043179176747799,
                            -0.004310553893446922
                        ],
                        [
                            -0.013090420514345169,
                            0.9998524785041809,
                            -0.011119210161268711
                        ],
                        [
                            0.004164888523519039,
                            0.011174587532877922,
                            0.999928891658783
                        ]
                    ],
                    "specTranslation": {
                        "x": 3.750000238418579,
                        "y": 0.0,
                        "z": 0.0
                    },
                    "toCameraSocket": 0,
                    "translation": {
                        "x": 3.7411444187164307,
                        "y": 0.031576380133628845,
                        "z": -0.04990008473396301
                    }
                },
                "height": 800,
                "intrinsicMatrix": [
                    [
                        850.4091796875,
                        0.0,
                        633.3568115234375
                    ],
                    [
                        0.0,
                        850.7759399414063,
                        401.5804138183594
                    ],
                    [
                        0.0,
                        0.0,
                        1.0
                    ]
                ],
                "lensPosition": 0,
                "specHfovDeg": 71.86000061035156,
                "width": 1280
            }
        ],
        [
            1,
            {
                "cameraType": 0,
                "distortionCoeff": [
                    -4.978485584259033,
                    14.890694618225098,
                    0.0011154785752296448,
                    -0.0015281172236427665,
                    -13.371813774108887,
                    -5.029299736022949,
                    15.08072566986084,
                    -13.55443000793457,
                    0.0,
                    0.0,
                    0.0,
                    0.0,
                    0.0,
                    0.0
                ],
                "extrinsics": {
                    "rotationMatrix": [
                        [
                            0.9999291896820068,
                            -0.007792227435857058,
                            0.008997572585940361
                        ],
                        [
                            0.007765311747789383,
                            0.9999653100967407,
                            0.0030225312802940607
                        ],
                        [
                            -0.009020811878144741,
                            -0.0029524480924010277,
                            0.9999549388885498
                        ]
                    ],
                    "specTranslation": {
                        "x": -7.500000476837158,
                        "y": 0.0,
                        "z": 0.0
                    },
                    "toCameraSocket": 2,
                    "translation": {
                        "x": -7.426778316497803,
                        "y": -0.07192744314670563,
                        "z": 0.18216975033283234
                    }
                },
                "height": 800,
                "intrinsicMatrix": [
                    [
                        844.5693359375,
                        0.0,
                        638.3541870117188
                    ],
                    [
                        0.0,
                        845.3163452148438,
                        403.4770202636719
                    ],
                    [
                        0.0,
                        0.0,
                        1.0
                    ]
                ],
                "lensPosition": 0,
                "specHfovDeg": 71.86000061035156,
                "width": 1280
            }
        ],
        [
            0,
            {
                "cameraType": 0,
                "distortionCoeff": [
                    0.281313419342041,
                    4.995558261871338,
                    0.0008088211761787534,
                    -0.0005166137707419693,
                    122.86268615722656,
                    -0.04764726385474205,
                    6.940573215484619,
                    118.2566909790039,
                    0.0,
                    0.0,
                    0.0,
                    0.0,
                    0.0,
                    0.0
                ],
                "extrinsics": {
                    "rotationMatrix": [],
                    "specTranslation": {
                        "x": 0.0,
                        "y": 0.0,
                        "z": 0.0
                    },
                    "toCameraSocket": -1,
                    "translation": {
                        "x": 0.0,
                        "y": 0.0,
                        "z": 0.0
                    }
                },
                "height": 1080,
                "intrinsicMatrix": [
                    [
                        1484.4404296875,
                        0.0,
                        961.6163330078125
                    ],
                    [
                        0.0,
                        1482.5623779296875,
                        538.26123046875
                    ],
                    [
                        0.0,
                        0.0,
                        1.0
                    ]
                ],
                "lensPosition": 135,
                "specHfovDeg": 68.7938003540039,
                "width": 1920
            }
        ]
    ],
    "imuExtrinsics": {
        "rotationMatrix": [],
        "specTranslation": {
            "x": 0.0,
            "y": 0.0,
            "z": 0.0
        },
        "toCameraSocket": -1,
        "translation": {
            "x": 0.0,
            "y": 0.0,
            "z": 0.0
        }
    },
    "miscellaneousData": [],
    "stereoRectificationData": {
        "leftCameraSocket": 1,
        "rectifiedRotationLeft": [
            [
                0.9998779892921448,
                0.001964051276445389,
                -0.01549543533474207
            ],
            [
                -0.0019405033672228456,
                0.9999969601631165,
                0.0015345634892582893
            ],
            [
                0.01549840159714222,
                -0.0015043073799461126,
                0.9998787641525269
            ]
        ],
        "rectifiedRotationRight": [
            [
                0.9996524453163147,
                0.009681511670351028,
                -0.02452024817466736
            ],
            [
                -0.009718761779367924,
                0.9999517798423767,
                -0.001400439883582294
            ],
            [
                0.024505507200956345,
                0.0016382596222683787,
                0.9996983408927917
            ]
        ],